rank,symbol,index,sector,price,final_score,early_score,value_score,quality_score,trend_score,momentum_score,base_score,volume_score,sector_score,fundamental_coverage,setup,chase,ret1m,ret3m,ret6m,ret12m,relative_strength,sma20,sma50,sma200,dist52,dist20res,atr_pct,volume_ratio,entry_low,entry_ideal,entry_high,stop,t1,t2,t3,t4,rr_t1,rr_t2,rr_t3,rr_t4
1,CPPLUS,NIFTYSMALLCAP250,Capital Goods,4185.2001953125,82.0789157402081,85.39758503445508,1.8724953377487683,16.658720592354978,18.964762604703186,24.31985294117647,9.7101802009861,8.5529040632386,79.0,8,BREAKOUT,False,0.09308403205684712,0.14326678196762077,1.2039688610898618,2.147012577894738,1.2655131738854726,3771.2700073242186,3657.9320068359375,2632.156446533203,0.018111793543538812,0.0008832168630193241,0.04489970087849754,2.7791290594151006,4167.955402832031,4209.844401855468,4251.733400878906,3903.328839983259,4669.617744663782,4976.133306535991,5282.6488684082005,5742.422211216514,1.5,2.5,3.5,5.0
2,PTCIL,NIFTYSMALLCAP250,Capital Goods,24535.0,78.92575859663016,92.08023342079268,2.595409453017494,16.04305392918537,19.135631638575987,23.66859243697479,13.003343740998032,2.479727397878498,79.0,8,PRE-BREAKOUT,False,0.03392330383480835,0.3938756959436427,0.5522586359610275,0.5800489438433798,0.6138029487566382,22737.25,21383.48,18378.25,0.014658634538152611,0.010685483870967741,0.0327083757896882,1.0959454795756995,24676.0,24849.6,25048.0,23331.25,27127.124999999996,28645.474999999995,30163.824999999993,32441.34999999999,1.5,2.5,3.5,5.0
3,CUPID,NIFTYSMALLCAP250,Fast Moving Consumer Goods,366.1000061035156,77.51905443128723,83.51973234446609,3.7373513025146816,16.228168543937926,19.165611601679785,24.955357142857142,8.32906195099005,5.103503889307644,62.0,8,WATCH,True,0.33224171166751026,0.7249340210524409,2.9862807132155007,7.423838329861251,3.0478250260111115,293.1650016784668,280.70879943847655,160.44449981689453,0.0051630268926205845,-0.025490213175113796,0.05064969978108249,1.2220673714037156,355.215,357.714,360.57,333.8214307512556,393.5528538731166,417.445423121861,441.3379923706054,477.17684624372197,1.5,2.5,3.5,5.0
4,CYIENT,NIFTYSMALLCAP250,Information Technology,1158.800048828125,76.32774433657674,84.89918355488213,6.619133252104243,10.491398078874756,19.1406090432143,21.412815126050422,11.663788836333028,7.0,63.5,8,WATCH,False,0.06674030814802157,0.37763777589536973,0.3486180376236543,0.021668931089230403,0.41016235041926496,1086.6000061035156,1009.6060021972656,963.5955004882812,0.04938470153558244,0.01252658813112484,0.04481852056794988,5.565524885796787,1167.6325,1175.847,1185.235,1080.896493094308,1318.272760358538,1413.22326726423,1508.1737741699221,1650.59953452846,1.500000000000001,2.4999999999999987,3.5000000000000013,5.0
5,GESHIP,NIFTYSMALLCAP250,Services,1533.699951171875,74.25190650415178,71.04678411713826,9.101767627989181,16.553594441050393,18.453826968245075,19.58245798319328,7.433371191062267,1.1268882926115849,77.0,8,WATCH,False,0.10832482804917754,0.09099862549179982,0.12323170664111971,0.5907925480824625,0.1847760194367304,1487.3599914550782,1395.578447265625,1356.4344799804687,0.1319006395938839,0.031143429455543273,0.02918246237087186,0.40768579717688663,1575.085,1586.166,1598.83,1466.5642395019531,1765.5686407470703,1885.1704012451169,2004.772161743164,2184.174802490234,1.5000000000000009,2.499999999999999,3.500000000000001,5.0
6,LAURUSLABS,NIFTYMIDCAP150,Healthcare,2036.5999755859375,74.24448778829247,93.11092658392778,2.226880064200747,13.245390492810456,18.00321064720705,24.419642857142854,13.351010911655818,0.9983528152755456,89.0,8,PRE-BREAKOUT,False,0.04607321898764227,0.324359416647126,0.8833459199580973,1.3398047706903737,0.944890232753708,1990.104998779297,1907.1119995117188,1378.692621459961,0.013848526177675319,0.013848526177675319,0.024480581446588108,0.7996705630551091,2054.8739514160156,2069.330351074219,2085.8519506835937,1961.814248221261,2230.6045053536554,2338.1206082066137,2445.636711059571,2606.910865339008,1.4999999999999978,2.500000000000002,3.499999999999998,5.0
7,AUROPHARMA,NIFTYMIDCAP150,Healthcare,1693.0,73.1733707257236,84.87678227348214,6.755748736575796,11.109906211546797,17.328339503939144,21.058298319327733,12.704359626322743,2.216718328011376,89.0,8,PRE-BREAKOUT,False,0.0005910165484632746,0.08199658262405851,0.2675002335027774,0.5619521744315914,0.3290445462983881,1688.490008544922,1656.6520068359375,1427.2389990234376,0.027011494252873563,0.027011494252873563,0.02099822078734126,0.875739891078412,1731.3,1743.48,1757.4,1639.6750183105469,1899.1874725341797,2002.9924542236329,2106.797435913086,2262.5049084472657,1.5,2.5,3.499999999999998,5.0
8,STLTECH,NIFTYSMALLCAP250,Telecommunication,1015.2000122070312,73.16121368382144,82.65089039233334,2.0681656968294084,14.04128174561517,20.0,24.981617647058826,7.578847983268902,2.4913006110491445,97.0,8,WATCH,False,0.2309930849766706,0.8694411841034126,4.063089322325129,7.35074454845337,4.124633635120739,893.4474975585938,757.9310009765625,421.6765996551514,0.03415466103392663,0.03415466103392663,0.04868498415876444,0.6148359199786525,1045.8444757080078,1053.2021755371093,1061.6109753417968,941.062517438616,1221.411662684849,1333.5513207833424,1445.6909788818355,1613.9004660295755,1.4999999999999996,2.5000000000000004,3.4999999999999996,5.000000000000001
9,KOTAKBANK,NIFTY50,Financial Services,441.0,73.08221817458421,77.90552063254225,7.1194062468171255,10.612598847145382,18.13871216867326,19.196428571428573,10.80567301512753,7.209399325392352,30.0,6,REJECT,False,0.051878354203935606,0.16991885926279027,0.16207122216569858,0.07052140726044165,0.22361553496130926,417.292497253418,409.4709991455078,399.46470916748046,0.025239719772937076,0.0011325028312570782,0.024651767445259355,1.4418798650784703,439.2925,442.383,445.915,424.69285583496094,468.9182162475586,486.60836041259756,504.29850457763666,530.8337208251952,1.5000000000000016,2.4999999999999982,3.5000000000000018,5.0
10,HFCL,NIFTYSMALLCAP250,Telecommunication,260.3999938964844,72.25102918278203,84.32841090241098,1.9876166424055688,12.65162000326788,18.69314973271315,24.47216386554622,9.250871233591985,3.1956077052572356,97.0,7,WATCH,False,0.0394131730910372,0.19973870267650495,2.4673838650876463,2.550030605372712,2.528928177883257,229.5760757446289,226.6574868774414,145.6295690345764,0.05621401746860614,0.05621401746860614,0.04692029384914361,1.2391215410514471,274.5304536437988,276.4618236694336,278.66910369873045,242.072927548577,328.0451678507185,362.43406397157514,396.8229600924317,448.4063042737166,1.4999999999999991,2.500000000000001,3.499999999999999,5.0
11,CUB,NIFTYSMALLCAP250,Financial Services,231.4199981689453,71.5961492298824,78.90467539563693,7.027019576974003,11.067694001100717,17.614118541939487,19.96060924369748,10.869197235017989,5.057510631152727,30.0,6,REJECT,False,-0.006653230216921435,0.018567382197634208,0.22075309258277565,0.4688301417390186,0.2822974053783863,225.99900131225587,222.23120056152345,207.03005294799806,0.07004222425986137,0.031512864094858775,0.03707543660568586,1.461350311640212,237.75524696350098,239.42789694213866,241.3394969177246,218.55000196184432,270.7447394125802,291.6226343928745,312.5005293731689,343.8173718436104,1.5000000000000013,2.4999999999999987,3.5000000000000013,5.0
12,SYRMA,NIFTYSMALLCAP250,Capital Goods,1719.9000244140625,71.06858085238323,77.30411523586531,1.498511186458992,15.428744905265033,18.580595372739964,24.26995798319328,6.444683782876047,2.8460876218499114,79.0,8,WATCH,False,0.04923137850540704,0.18579743441466956,1.0384315845167165,1.1411010118447718,1.0999758973123273,1681.6050048828124,1553.3020581054689,1122.7277914428712,0.056348048144167544,0.056348048144167544,0.0435448847958844,0.41691103387622247,1813.4869757080078,1826.2451755371094,1840.825975341797,1607.560751778739,2154.2718111746653,2372.9562349330354,2591.6406586914063,2919.667294328962,1.500000000000001,2.499999999999999,3.500000000000001,5.0
13,BHEL,NIFTYMIDCAP150,Capital Goods,433.6000061035156,70.83809460509792,77.17718475101694,3.262061911262558,12.30703891660179,17.40291129524443,23.329831932773107,7.620246847191821,4.916003702024206,79.0,7,WATCH,False,0.02712308983199674,0.10056602266770787,0.6371798785107454,0.8112116949965043,0.6987241913063561,426.2050018310547,422.19000122070315,349.4783260345459,0.04901854480786208,0.04901854480786208,0.031892462338285715,1.2716808620049131,453.6702621459961,456.86191223144533,460.50951232910154,412.85714830671037,522.8690581185477,566.8738220432828,610.8785859680177,676.8857318551202,1.4999999999999993,2.5000000000000004,3.4999999999999996,5.000000000000001
14,DIVISLAB,NIFTYNEXT50,Healthcare,9340.0,69.75305382213271,83.33659103993901,1.2526761438083724,15.081647421521348,14.06243467947153,23.303571428571427,11.711883338159538,2.340840810600503,89.0,8,WATCH,False,-0.024543080939947726,0.37193025162463944,0.5944432149565742,0.6424720645746564,0.6559875277521848,9398.95,9004.83,7095.7933203125,0.04106776180698152,0.04106776180698152,0.022311869073111043,0.7694139372490427,9691.3,9759.48,9837.4,9027.410714285714,10857.583928571428,11589.653214285714,12321.7225,13419.826428571429,1.5,2.5,3.5,5.0
15,CHENNPETRO,NIFTYSMALLCAP250,Oil Gas & Consumable Fuels,1487.699951171875,69.72214258703484,65.68714347518095,9.413447946880652,13.525633632248205,17.974036353048792,23.66859243697479,2.1898460295332276,2.950586188349173,74.5,7,WATCH,False,0.02051029039804564,0.31496220164417243,0.5684960711144058,1.066933450265629,0.6300403839100165,1446.4200012207032,1395.6243505859375,1069.4664685058594,0.11314458946535022,0.11314458946535022,0.05292926092031681,0.595458438977592,1669.1125,1680.855,1694.275,1369.5856628417969,2147.7590057373045,2459.028342895508,2770.297680053711,3237.2016857910157,1.4999999999999993,2.500000000000001,3.499999999999999,5.0
16,MTARTECH,NIFTYSMALLCAP250,Capital Goods,7781.5,69.60890081616442,75.11650494539347,2.8454673871026834,14.842003914461436,18.44243228250954,23.658088235294116,6.0383630740090775,1.7825459227875637,79.0,8,WATCH,False,-0.00230784024616959,0.0958315730178847,0.8794078310153417,3.0985463499748063,0.9409521438109524,7350.35,7084.64,5463.784500732422,0.10701170530181317,0.04947169119892506,0.04338127977529121,0.47340498001764675,8145.5675,8202.873,8268.365,7275.142857142857,9594.468214285713,10522.198357142857,11449.928499999998,12841.523714285713,1.4999999999999991,2.500000000000001,3.499999999999999,5.0
17,COFORGE,NIFTYMIDCAP150,Information Technology,1867.9000244140625,69.49589321062662,80.98430540576751,4.309915792264142,14.818726732880709,13.766393052209601,21.73056722689076,12.044096290780526,2.82619411560089,63.5,8,WATCH,False,-0.042102551582532066,0.24501358691893516,0.47374955564080223,0.17496688795624604,0.5352938684364129,1805.0649963378905,1836.3767993164063,1521.3359088134766,0.07584599765546722,0.013572006497265957,0.03099355699206946,1.0408491526942605,1884.1319757080078,1897.3871755371094,1912.535975341797,1781.0607256208148,2071.8768504115515,2188.203300327846,2304.529750244141,2479.019425118583,1.5,2.5,3.5,5.000000000000002
18,RRKABEL,NIFTYSMALLCAP250,Capital Goods,2705.60009765625,69.39455772097459,82.25629698180569,2.473032081067306,15.610246113476535,13.872959544734151,24.406512605042018,10.47926346342682,0.5525439132277632,79.0,8,WATCH,False,0.10500310298396975,0.2156176290661722,0.9377197490997156,1.1437474858625558,0.9992640618953262,2524.1199951171875,2648.7,1969.1494061279298,0.09323679422860016,0.03605527626170851,0.0339903468343125,0.7105087826455526,2792.7660485839842,2812.413648925781,2834.868049316406,2567.6536690848216,3179.5536186872205,3424.3135985281806,3669.07357836914,4036.2135481305795,1.4999999999999991,2.500000000000001,3.499999999999999,5.0
19,TDPOWERSYS,NIFTYSMALLCAP250,Capital Goods,793.75,69.2922218690423,80.82871306437713,1.083330727107022,12.382018999317548,18.29577740423837,24.288340336134453,8.063109880755745,3.1796445214891556,79.0,8,WATCH,False,0.03245319017064041,0.38154270923576306,0.7963490388176209,1.658963154034745,0.8578933516132315,767.6274993896484,729.4377966308593,549.2872454833985,0.0728302503960049,0.0728302503960049,0.048715397391732286,0.6359289042978311,851.8194757080078,857.8121755371094,864.6609753417969,735.7482299804688,1040.9080938720704,1162.972039428711,1285.0359849853517,1468.1319033203126,1.5,2.5,3.5,5.0
20,KARURVYSYA,NIFTYSMALLCAP250,Financial Services,339.8999938964844,69.18634703688986,73.62247061135571,6.466338613110601,12.156460910117893,13.712221293710662,20.803571428571427,9.62735174837849,6.420403043000786,30.0,6,REJECT,False,-0.003664077450868386,0.12070521505557563,0.21771612797985496,0.6264353351781033,0.27926044077546563,327.68999938964845,335.44300048828126,301.84793670654295,0.052279381901820784,0.011343787187197031,0.029021136062239085,1.4844587185270228,342.0809878540039,344.4875877685547,347.23798767089846,325.1035679408482,373.56361751011445,392.9476373378209,412.3316571655274,441.4076869070871,1.5000000000000016,2.4999999999999987,3.5000000000000013,5.0
21,GLAND,NIFTYSMALLCAP250,Healthcare,3061.800048828125,69.09679318781656,88.14416558603898,3.9400391141466673,9.633902384929696,18.031656181732497,23.81302521008403,11.678170296923666,0.0,89.0,8,WATCH,False,0.03463656888749411,0.24422507010039118,0.7847449119797507,0.5489714844549929,0.8462892247753614,2945.5599975585938,2861.6721484375,2169.6703771972657,0.03443707069437874,0.03443707069437874,0.030057001799028617,0.4124174953356786,3155.145,3177.342,3202.71,2923.757254464286,3557.7191183035716,3811.303863839286,4064.888609375,4445.265727678572,1.5,2.5,3.5,5.000000000000002
22,BBOX,NIFTYSMALLCAP250,Information Technology,892.0999755859375,69.04378792911608,72.81339126512589,2.318869690972586,9.42564953616366,19.118508712393414,22.612920168067227,5.567839821519196,10.0,63.5,8,WATCH,False,0.15721876680960722,-0.03153864339558732,0.7873325831578344,0.6783630955388384,0.8488768959534451,807.5599945068359,775.5798034667969,705.4932173156739,0.19010983886539226,0.023533275585095076,0.05206414693741945,5.515671385019163,909.0319757080078,915.4271755371094,922.7359753417969,822.4303392682757,1054.92242994036,1147.9192662091937,1240.9161024780274,1380.411356881278,1.5,2.5,3.5,5.0
23,PERSISTENT,NIFTYMIDCAP150,Information Technology,5770.0,68.76738897067628,75.0096821908435,3.2847171404615496,14.659986439437018,14.202330789776406,18.061974789915965,12.126770048236438,6.4316097628489,63.5,9,WATCH,False,0.03776978417266186,0.1456579542592309,0.07743734439470829,0.17262178358986824,0.13898165719031896,5423.425,5517.67400390625,5342.792736816406,0.11944079234874877,-0.0019100538287897205,0.028435256251547414,1.758029118068591,5730.205,5770.518,5816.59,5523.892857142857,6140.455714285715,6387.080857142858,6633.706000000001,7003.643714285716,1.5,2.5,3.5,5.0
24,PVRINOX,NIFTYSMALLCAP250,Media Entertainment & Publication,1327.199951171875,68.62788916077463,84.46651505059347,6.559856239671901,7.931444210566785,18.249019901003113,22.355567226890756,11.133203203365857,2.39879837927621,58.0,7,WATCH,False,0.07788507962378599,0.3244847735541161,0.3896654291770738,0.20764326767231567,0.4512097419726845,1268.9199951171875,1223.2449975585937,1056.5427520751953,0.034623287725967254,0.034623287725967254,0.038938051574104515,0.7889628931989072,1367.9260485839843,1377.5496489257812,1388.5480493164061,1249.6820809500557,1569.3510008893695,1697.2185688650948,1825.0861368408205,2016.8874888044086,1.5000000000000009,2.499999999999999,3.500000000000001,5.0
25,REDINGTON,NIFTYSMALLCAP250,Services,380.0,68.61043874826166,73.22539303833088,6.679551343554782,14.014077027120738,13.941912133077501,23.568802521008404,7.225558443187826,1.1805372803124046,77.0,8,WATCH,False,0.01726679806667808,0.355206876859937,0.7796871372145409,0.3919194527490819,0.8412314500101515,398.8875030517578,370.4340008544922,276.03109016418455,0.09415971394517282,0.09415971394517282,0.039567669172932335,0.5114005637367971,417.4025,420.339,423.695,357.44642857142856,514.6778571428572,577.5704285714286,640.4630000000001,734.8018571428572,1.5000000000000004,2.4999999999999996,3.5000000000000004,5.0
26,FINCABLES,NIFTYSMALLCAP250,Capital Goods,1388.699951171875,68.44840187701067,77.79034230354215,4.971474376735685,13.8080107192962,14.56719020332216,23.952205882352942,8.61822064799344,0.5313000473102375,79.0,8,WATCH,False,0.06634408285670945,0.3263050071432019,0.6490846141892628,0.704141109498365,0.7106289269848735,1429.9599975585938,1288.839139404297,1009.4374035644531,0.07358242083263843,0.07358242083263843,0.038648699964751065,0.3925040473782735,1491.5049999999999,1501.998,1513.99,1308.1927795410156,1792.7058306884767,1986.511051147461,2180.3162716064453,2471.024102294922,1.5,2.5,3.4999999999999987,5.0
27,APARINDS,NIFTYMIDCAP150,Capital Goods,17984.0,67.72740441844188,74.95013598830242,2.2351983216317217,14.143546797705605,17.745933179025126,23.920693277310924,6.0629806757647025,1.6190521670038003,79.0,8,WATCH,False,0.023330715309526795,0.28371296343607266,0.7205107639270056,1.1964991729559702,0.7820550767226163,17793.8,17125.23490234375,12745.07901123047,0.06649364131845316,0.06649364131845316,0.03891554397559736,0.7420892343286439,19168.675,19303.53,19457.65,16934.214285714286,22857.50357142857,25226.81928571428,27596.134999999995,31150.108571428562,1.5000000000000007,2.499999999999999,3.500000000000001,5.0
28,MAHABANK,NIFTYMIDCAP150,Financial Services,83.16000366210938,67.67151358422765,76.24815110607256,6.508109292527173,12.780588166816871,17.265475601355718,19.359243697478995,10.344015792537709,1.4140810335111986,30.0,7,REJECT,False,-0.01922393248989185,-0.012937641992767035,0.2071491033386581,0.5319338044028832,0.2686934161342688,81.97850036621094,81.7099998474121,74.7890718460083,0.11999996124751984,0.035826044497282605,0.0297447093980894,0.7625660926340915,85.81875,86.4225,87.1125,79.44964844839913,96.8817773274013,103.85462887900218,110.82748043060303,121.28675775800434,1.499999999999999,2.500000000000001,3.499999999999999,5.0
29,AETHER,NIFTYSMALLCAP250,Chemicals,1748.0999755859375,66.69828612463691,79.10551005274141,1.066967363197662,13.096224643388622,17.921357797284642,23.589810924369747,8.023925396396237,3.0,52.0,8,WATCH,False,0.06403308150743636,0.16477873048505876,0.5404475681783318,1.3233651234225894,0.6019918809739425,1684.8999938964844,1645.547998046875,1249.5922528076171,0.03638167735418364,0.03638167735418364,0.038854426259697115,0.37441818692309164,1805.0294757080078,1817.7281755371093,1832.240975341797,1646.2178431919642,2074.993674054827,2246.5040063999722,2418.014338745117,2675.279837262835,1.4999999999999993,2.5000000000000004,3.4999999999999996,5.0
30,MCX,NIFTYMIDCAP150,Financial Services,3318.199951171875,66.5321796476945,74.59199057232682,1.9687832207648932,15.91962851523874,17.877563874154834,21.756827731092436,7.522344335230972,1.4870319712126343,30.0,7,REJECT,False,-0.0071214987516831085,0.20053788306524267,0.2811809866321684,1.0793463574617386,0.3427252994277791,3275.6049926757814,3133.0494677734373,2769.6965911865236,0.046877680171704905,0.046877680171704905,0.03584344089347015,0.8647811958100816,3463.992902832031,3488.3627021484376,3516.2139013671876,3139.796395438058,4011.212162214007,4359.778468924387,4708.344775634767,5231.194235700335,1.5,2.5000000000000013,3.5000000000000013,4.999999999999999
