symbol,index,price,final_score,overall_score,early_score,value_score,quality_score,momentum_score,base_score,sector_score,sector_class,setup,ret1m,ret3m,ret6m,ret12m,relative_strength,sma20,sma50,sma200,dist52,dist20res,atr_pct,vol20,vol20_prev
GAIL,NIFTYNEXT50,172.6300048828125,68,65,72.56752303805868,23,9,23,10,75.8,Improving,REJECT,-0.011679128113115778,-0.005049819710856718,0.1293625805833345,0.022730354520632545,0.13427893631053844,172.79949874877929,173.51891082763672,165.0014305114746,0.050711315172305926,0.02633952672624623,0.016885848941768075,6084157.2,7245477.2
MOTHERSON,NIFTYNEXT50,157.9199981689453,64,59,58.16508734943417,15,9,30,5,98.0,Strong,REJECT,-0.02518519648799189,0.10340057507844169,0.3393829668846009,0.49703267872129486,0.34429932261180485,161.94699935913087,162.15179962158203,136.38715660095215,0.08859009479435509,0.04993384063772962,0.02864018312093064,11082525.4,12678515.65
COALINDIA,NIFTY50,429.0,62,57,75.75531004039607,27,5,15,10,81.8,Strong,REJECT,0.034233395913499054,0.026304625049271113,-0.020070419835222286,0.1792504524069256,-0.01515406410801834,423.07749938964844,411.9165734863281,423.93114318847654,0.10385069269800183,0.0167315791822408,0.018731268731268732,7186694.55,9909513.4
ZYDUSLIFE,NIFTYNEXT50,1142.800048828125,60,57,64.78089779549116,14,4,34,5,73.7,Improving,REJECT,-0.00017493540846458266,-0.007955793939024014,0.2829645526530009,0.15404024870654864,0.28788090838020486,1151.5500061035157,1141.977998046875,1014.1851577758789,0.07247782527983983,0.07247782527983983,0.025938811091118046,1504001.5,1769037.85
PNB,NIFTYNEXT50,113.37999725341797,60,55,56.87910795292917,23,6,22,4,96.0,Strong,REJECT,-0.025275124218703593,0.0923980754725664,0.049819016610883615,0.03666715776180052,0.05473537233808756,115.50899963378906,115.31080017089843,112.29817691802978,0.13668595821694457,0.05041879560743686,0.024084632929609995,12273520.8,13673443.25
IDEA,NIFTYNEXT50,12.739999771118164,55,60,33.25230813531825,22,0,35,3,43.4,Weak,REJECT,-0.12016573384845797,-0.08014444619342109,0.38478261252657453,0.4953050571152384,0.3896989682537785,14.230000162124634,13.933000049591065,12.283150048255921,0.193160240538527,0.193160240538527,0.03728414295807107,395029526.4,453710830.4
KOTAKBANK,NIFTY50,422.04998779296875,54,49,68.16990706383176,13,4,28,4,99.0,Strong,REJECT,0.0021369913558768605,0.10762014065364456,0.11213638351381716,0.024520514436238372,0.11705273924102111,413.917497253418,406.21699890136716,398.7452819824219,0.06712570437437028,0.031106561342257786,0.021620666849309713,15794135.95,11854761.7
DIVISLAB,NIFTYNEXT50,9197.5,54,49,54.52835081703088,1,10,35,3,100.0,Strong,REJECT,-0.005675675675675729,0.3638673705363644,0.5787055514273947,0.6232406005940585,0.5836219071545986,9392.075,8886.99,7051.829169921875,0.055698151950718686,0.055698151950718686,0.02115869995728653,471364.45,429129.1
JSWSTEEL,NIFTY50,1244.9000244140625,54,51,52.74266993189093,20,6,19,6,76.8,Improving,REJECT,-0.04824157154888187,-0.0012034659584551077,0.048355183016150605,0.092444418354511,0.05327153874335455,1270.0900024414063,1285.7080029296876,1234.9511499023438,0.07853440087782199,0.06749061841643259,0.020563901712437323,1333655.6,1651124.05
HINDZINC,NIFTYNEXT50,563.9500122070312,53,48,52.023657613806385,17,9,16,6,89.9,Strong,REJECT,-0.040819796754335336,0.06185283022250543,0.026645028035146456,0.19300693621370302,0.0315613837623504,580.4200042724609,579.191005859375,583.1986956787109,0.21657039063771713,0.07685383914014866,0.025179527371305792,3912442.4,6883745.55
